,City,Country,Lat,Lng,Max Temp,Humidity,Cloudiness,Wind Speed,Current Description
0,Tasiilaq,GL,65.6145,-37.6368,24.96,66,100,38.5,overcast clouds
1,Ushuaia,AR,-54.8,-68.3,42.1,85,56,6.2,broken clouds
2,Sao Filipe,CV,14.8961,-24.4956,72.57,72,0,12.28,clear sky
3,Teya,RU,60.3778,92.6267,20.35,90,100,9.08,light snow
4,Hilo,US,19.7297,-155.09,73.8,97,32,1.01,scattered clouds
5,Rikitea,PF,-23.1203,-134.9692,78.98,69,5,7.52,clear sky
6,Bilibino,RU,68.0546,166.4372,-7.69,86,1,5.3,clear sky
7,Mataura,NZ,-46.1927,168.8643,59.49,43,10,6.64,clear sky
8,Ballina,AU,-28.8667,153.5667,77.18,80,75,14.97,broken clouds
9,Karratha,AU,-20.7377,116.8463,93.94,52,68,17.9,broken clouds
10,Georgetown,MY,5.4112,100.3354,90.9,61,20,1.01,few clouds
11,Camp Verde,US,34.5636,-111.8543,43.23,31,0,7.2,clear sky
12,Aden,YE,12.7794,45.0367,77.13,51,62,4.34,broken clouds
13,Ebeltoft,DK,56.1944,10.6821,36.1,93,40,12.66,scattered clouds
14,Divnomorskoye,RU,44.5011,38.1353,32.59,78,99,7.9,overcast clouds
15,Bilma,NE,18.6853,12.9164,53.04,27,2,5.12,clear sky
16,Albany,US,42.6001,-73.9662,14.76,85,99,3.22,overcast clouds
17,Sobolevo,RU,54.4299,31.8996,1.92,100,100,7.4,overcast clouds
18,Rawson,AR,-43.3002,-65.1023,57.54,61,56,15.03,broken clouds
19,Tuktoyaktuk,CA,69.4541,-133.0374,-21.77,91,29,13.18,scattered clouds
20,Ziro,IN,27.6333,93.8333,34.0,99,100,1.39,light snow
21,Butaritari,KI,3.0707,172.7902,82.78,78,49,18.68,light rain
22,Saint-Philippe,RE,-21.3585,55.7679,83.79,89,100,24.61,moderate rain
23,Saskatoon,CA,52.1168,-106.6345,3.18,84,90,5.01,light snow
24,Oum Hadjer,TD,13.2954,19.6966,60.42,23,3,12.88,clear sky
25,The Valley,AI,18.217,-63.0578,75.09,75,100,15.84,overcast clouds
26,Luderitz,NA,-26.6481,15.1594,67.64,75,94,3.38,overcast clouds
27,Kaitangata,NZ,-46.2817,169.8464,55.98,58,16,7.4,few clouds
28,Bambanglipuro,ID,-7.95,110.2833,85.66,67,58,12.39,broken clouds
29,Aripuana,BR,-9.1667,-60.6333,72.09,99,100,2.24,light rain
30,Hermanus,ZA,-34.4187,19.2345,65.8,76,0,18.48,clear sky
31,Umba,RU,66.6871,34.3429,13.28,94,100,20.87,snow
32,Arraial Do Cabo,BR,-22.9661,-42.0278,75.49,88,97,21.16,overcast clouds
33,Vila Franca Do Campo,PT,37.7167,-25.4333,57.61,82,100,8.57,overcast clouds
34,Barrow,US,71.2906,-156.7887,-11.18,70,100,6.91,overcast clouds
35,Bida,NG,9.0833,6.0167,68.95,15,0,3.65,clear sky
36,Yerbogachen,RU,61.2767,108.0108,2.12,95,98,5.82,overcast clouds
37,Port Alfred,ZA,-33.5906,26.891,69.4,84,96,11.9,light rain
38,Severo-Kurilsk,RU,50.6789,156.125,30.51,89,86,9.75,light snow
39,Punta Arenas,CL,-53.15,-70.9167,46.11,70,5,5.77,clear sky
40,Victoria,HK,22.2855,114.1577,65.17,70,66,1.01,broken clouds
41,Naze,JP,28.3667,129.4833,56.32,63,99,17.02,overcast clouds
42,Upernavik,GL,72.7868,-56.1549,-1.71,95,100,11.5,overcast clouds
43,Sanchor,IN,24.7553,71.7722,69.48,33,0,9.01,clear sky
44,Carballo,ES,43.213,-8.691,50.02,89,96,7.76,overcast clouds
45,Thompson,CA,55.7435,-97.8558,-23.64,76,0,0.0,clear sky
46,Narsaq,GL,60.9167,-46.05,0.0,49,0,16.26,clear sky
47,Busselton,AU,-33.65,115.3333,108.05,33,6,9.42,clear sky
48,Cabo San Lucas,MX,22.8909,-109.9124,62.94,70,0,1.66,clear sky
49,Nome,US,64.5011,-165.4064,0.1,66,99,7.23,overcast clouds
50,Vaini,TO,-21.2,-175.2,77.16,94,100,18.41,light rain
51,Eureka,US,40.8021,-124.1637,45.79,83,100,4.61,overcast clouds
52,Port Blair,IN,11.6667,92.75,86.04,70,40,11.5,scattered clouds
53,Bredasdorp,ZA,-34.5322,20.0403,65.28,76,34,14.36,scattered clouds
54,Kawalu,ID,-7.3817,108.2082,81.7,75,97,1.45,overcast clouds
55,Esperance,AU,-33.8667,121.9,96.64,46,3,16.28,clear sky
56,Kruisfontein,ZA,-34.0033,24.7314,65.88,79,78,3.62,broken clouds
57,Port Elizabeth,ZA,-33.918,25.5701,67.1,94,100,1.14,overcast clouds
58,Pevek,RU,69.7008,170.3133,-26.39,99,92,6.4,overcast clouds
59,Mapiripan,CO,2.8892,-72.1256,75.97,77,73,1.97,broken clouds
60,Sao Felix Do Xingu,BR,-6.6447,-51.995,70.74,95,77,1.5,broken clouds
61,Hohhot,CN,40.8106,111.6522,18.45,35,35,4.88,scattered clouds
62,Itanhem,BR,-17.1664,-40.33,72.72,95,100,3.04,moderate rain
63,La Tuque,CA,47.4334,-72.7824,-0.15,65,100,5.75,overcast clouds
64,Khandbari,NP,27.3747,87.2039,55.69,53,41,4.36,scattered clouds
65,Nikolskoye,RU,59.7035,30.7861,20.71,88,100,13.51,light snow
66,Malinovoye Ozero,RU,51.6753,79.7825,13.95,73,2,9.37,clear sky
67,Ahipara,NZ,-35.1667,173.1667,71.02,98,95,13.18,moderate rain
68,Husavik,IS,66.0449,-17.3389,15.71,94,98,7.85,overcast clouds
69,Kununurra,AU,-15.7667,128.7333,85.98,79,95,2.3,overcast clouds
70,Kapaa,US,22.0752,-159.319,75.11,59,47,3.56,scattered clouds
71,Faanui,PF,-16.4833,-151.75,80.64,75,75,13.56,light rain
72,Luau,AO,-10.7073,22.2247,60.89,99,100,2.89,overcast clouds
73,Bonthe,SL,7.5264,-12.505,73.08,90,21,4.05,few clouds
74,Teahupoo,PF,-17.8333,-149.2667,76.96,75,36,14.61,scattered clouds
75,Bethel,US,41.3712,-73.414,28.04,85,100,7.76,overcast clouds
76,Carnarvon,AU,-24.8667,113.6333,98.67,32,12,10.36,few clouds
77,Coihaique,CL,-45.5752,-72.0662,48.31,88,0,3.91,clear sky
78,Avarua,CK,-21.2078,-159.775,80.65,78,94,13.8,overcast clouds
79,Saint-Pierre,RE,-21.3393,55.4781,83.88,65,99,3.44,overcast clouds
80,Atuona,PF,-9.8,-139.0333,78.78,77,20,16.4,few clouds
81,Northam,GB,51.0333,-4.2167,45.61,76,14,12.17,few clouds
82,Bayan,CN,46.0833,127.4,4.59,85,96,7.25,overcast clouds
83,Airai,TL,-8.9266,125.4092,68.45,82,95,3.36,overcast clouds
84,Bluff,NZ,-46.6,168.3333,59.81,59,49,5.82,scattered clouds
85,Khatanga,RU,71.9667,102.5,-35.09,100,87,2.71,overcast clouds
86,East London,ZA,-33.0153,27.9116,69.04,88,95,11.86,light rain
87,Hithadhoo,MV,-0.6,73.0833,82.17,74,97,12.55,overcast clouds
88,Mandalgovi,MN,45.7625,106.2708,12.38,53,0,11.25,clear sky
89,Ponta Do Sol,PT,32.6667,-17.1,65.71,71,84,4.88,broken clouds
90,Dharchula,IN,29.85,80.5333,48.97,66,0,1.97,clear sky
91,Parkes,AU,-33.1333,148.1833,80.35,30,7,1.99,clear sky
92,Wote,KE,-1.7808,37.6288,69.13,59,95,2.01,overcast clouds
93,Sterling,US,39.0062,-77.4286,34.34,79,40,1.99,scattered clouds
94,Bengkulu,ID,-3.8004,102.2655,78.24,79,100,2.84,overcast clouds
95,Mayo,US,38.8876,-76.5119,35.64,79,100,8.01,overcast clouds
96,Muli,MV,2.9167,73.5667,82.27,72,17,11.21,few clouds
97,Nanortalik,GL,60.1432,-45.2371,12.31,60,71,38.88,broken clouds
98,Kitob,UZ,39.0843,66.8332,48.78,18,0,5.55,clear sky
99,Labrea,BR,-7.2586,-64.7981,72.93,98,100,2.1,moderate rain
100,Kiama,AU,-34.6833,150.8667,74.37,67,56,1.99,light rain
101,Vao,NC,-22.6667,167.4833,80.33,85,100,7.27,overcast clouds
102,Aklavik,CA,68.2191,-135.0107,-25.11,88,6,19.24,clear sky
103,Cockburn Town,TC,21.4612,-71.1419,75.83,74,0,17.2,clear sky
104,Honiara,SB,-9.4333,159.95,85.5,70,100,7.2,moderate rain
105,Mar Del Plata,AR,-38.0023,-57.5575,67.08,85,100,1.99,moderate rain
106,New Norfolk,AU,-42.7826,147.0587,72.88,46,85,1.99,overcast clouds
107,Tshikapa,CD,-6.4167,20.8,66.18,98,92,1.86,overcast clouds
108,Mehamn,NO,71.0357,27.8492,19.44,83,100,22.82,overcast clouds
109,Marzuq,YE,14.4,46.4667,70.39,23,1,3.06,clear sky
110,Biak,ID,-0.9131,122.8766,84.31,68,98,3.33,overcast clouds
111,Yellowknife,CA,62.456,-114.3525,-26.45,83,100,5.99,overcast clouds
112,Fortuna,US,40.5982,-124.1573,45.52,93,75,0.0,broken clouds
113,Bonfim,BR,3.0833,-59.95,76.71,76,100,6.38,overcast clouds
114,Saskylakh,RU,71.9167,114.0833,-13.9,99,99,4.38,overcast clouds
115,Rincon,US,32.296,-81.2354,58.86,95,100,11.5,overcast clouds
116,Vila Velha,BR,-20.3297,-40.2925,73.94,96,100,1.01,overcast clouds
117,Darhan,MN,49.4867,105.9228,5.16,81,17,6.29,few clouds
118,Qaanaaq,GL,77.484,-69.3632,1.54,71,100,6.29,overcast clouds
119,Cape Town,ZA,-33.9258,18.4232,65.88,67,0,4.0,clear sky
120,Jamestown,US,42.097,-79.2353,18.72,86,100,6.91,mist
121,Sangar,RU,63.9242,127.4739,-25.49,95,98,1.3,overcast clouds
122,Maniitsoq,GL,65.4167,-52.9,6.93,87,100,15.84,light snow
123,Jiuquan,CN,39.7432,98.5174,19.74,31,100,6.35,overcast clouds
124,Pangoa,PE,-12.1167,-73.0,68.27,99,77,1.92,broken clouds
125,Chokurdakh,RU,70.6333,147.9167,-31.58,100,22,1.45,few clouds
126,Salalah,OM,17.0151,54.0924,72.28,71,0,1.68,clear sky
127,Princeton,US,25.5384,-80.4089,73.0,93,0,0.0,clear sky
128,Alamos,MX,27.0167,-108.9333,54.72,48,0,3.06,clear sky
129,Saint Anthony,US,45.0205,-93.218,-0.15,74,75,0.0,broken clouds
130,Torbay,CA,47.6666,-52.7314,32.76,99,100,4.61,freezing rain
131,Hobyo,SO,5.3505,48.5268,77.65,62,32,17.25,scattered clouds
132,Santa Fe,AR,-31.6333,-60.7,74.01,85,37,3.0,scattered clouds
133,Raub,MY,3.7899,101.857,83.97,65,100,4.12,overcast clouds
134,El Cope,PA,8.6167,-80.6,69.85,95,23,5.99,few clouds
135,Tahara,JP,34.6667,137.2667,45.16,53,91,26.87,overcast clouds
136,Lorengau,PG,-2.0226,147.2712,84.85,65,98,9.95,overcast clouds
137,Guerrero Negro,MX,27.9769,-114.0611,59.18,35,0,2.77,clear sky
138,Rocha,UY,-34.4833,-54.3333,65.34,97,68,3.33,broken clouds
139,Kijang,KR,35.2442,129.2139,35.37,33,6,16.98,clear sky
140,Henties Bay,NA,-22.116,14.2845,65.86,84,100,3.78,overcast clouds
141,Shelburne,CA,44.0787,-80.2041,5.76,88,100,7.58,overcast clouds
142,Zalantun,CN,48.0,122.7167,10.26,56,76,11.3,broken clouds
143,Souillac,MU,-20.5167,57.5167,82.36,83,100,19.84,light rain
144,Half Moon Bay,US,37.4636,-122.4286,56.32,63,0,0.0,clear sky
145,Mahebourg,MU,-20.4081,57.7,82.26,85,98,21.52,light rain
146,Bichena,ET,10.45,38.2,57.6,49,69,2.84,broken clouds
147,Hurricane,US,37.1753,-113.2899,39.02,39,0,5.14,clear sky
148,Castro,BR,-24.7911,-50.0119,64.24,98,79,4.5,broken clouds
149,Katangli,RU,51.7102,143.2326,6.46,88,100,19.77,overcast clouds
150,College,US,64.8569,-147.8028,5.58,78,100,0.0,light snow
151,Tiksi,RU,71.6872,128.8694,-22.16,98,73,7.45,broken clouds
152,Hasaki,JP,35.7333,140.8333,50.29,29,21,11.07,few clouds
153,Chake Chake,TZ,-5.2459,39.7666,79.79,81,100,6.31,light rain
154,Hopkinton,US,41.4612,-71.7776,31.51,92,100,5.75,snow
155,Necochea,AR,-38.5473,-58.7368,64.04,74,100,8.21,light rain
156,Bertoua,CM,4.5833,13.6833,62.64,29,16,3.4,few clouds
157,Ancud,CL,-41.8697,-73.8203,53.22,91,7,2.48,clear sky
158,Bubaque,GW,11.2833,-15.8333,77.54,64,0,9.4,clear sky
159,Barra Do Garcas,BR,-15.89,-52.2567,73.0,91,54,0.34,broken clouds
160,Longyearbyen,SJ,78.2186,15.6401,13.84,57,20,27.63,few clouds
161,Nuuk,GL,64.1835,-51.7216,7.88,78,75,11.5,light snow
162,Berasia,IN,23.6333,77.4333,66.65,23,0,3.89,clear sky
163,Geraldton,AU,-28.7667,114.6,111.61,7,0,5.75,clear sky
164,Pauini,BR,-7.7136,-66.9764,71.2,100,99,1.52,overcast clouds
165,San Quintin,MX,30.4833,-115.95,55.74,50,17,3.91,few clouds
166,Kavaratti,IN,10.5669,72.642,77.94,58,81,4.79,broken clouds
167,Bytosh,RU,53.8186,34.0912,10.56,97,100,3.0,overcast clouds
168,Robertsport,LR,6.7533,-11.3686,76.39,90,9,5.91,clear sky
169,Chumikan,RU,54.7183,135.315,4.42,72,100,14.79,overcast clouds
170,Ibra,OM,22.6906,58.5334,68.04,29,5,1.52,clear sky
171,Colomi,BO,-17.35,-65.8667,51.06,94,100,1.88,moderate rain
172,Sola,VU,-13.8833,167.55,82.51,78,100,22.15,overcast clouds
173,Beringovskiy,RU,63.05,179.3167,-10.91,89,44,11.5,scattered clouds
174,Iqaluit,CA,63.7506,-68.5145,-20.47,69,75,3.44,broken clouds
175,Imbituba,BR,-28.24,-48.6703,78.69,95,100,7.09,overcast clouds
176,Ploemeur,FR,47.7333,-3.4333,44.82,88,0,3.44,clear sky
177,Stornoway,GB,58.2093,-6.3865,40.96,89,75,5.99,snow
178,Sabancuy,MX,18.9667,-91.1833,72.84,90,57,19.6,broken clouds
179,Hay River,CA,60.8156,-115.7999,-13.02,77,75,5.75,broken clouds
180,Hualmay,PE,-11.0964,-77.6139,69.51,86,60,7.76,broken clouds
181,Ranong,TH,9.9658,98.6348,84.43,69,66,11.01,broken clouds
182,Leningradskiy,RU,69.3833,178.4167,-19.59,94,43,7.07,scattered clouds
183,Ludvika,SE,60.1496,15.1878,32.04,85,18,9.98,few clouds
184,Bimbo,CF,4.2567,18.4158,67.1,25,94,1.88,overcast clouds
185,Olafsvik,IS,64.8945,-23.7142,27.72,61,100,24.56,overcast clouds
186,Mogzon,RU,51.7435,111.9606,12.94,71,82,9.31,broken clouds
187,Benguela,AO,-12.5763,13.4055,73.31,72,100,2.93,overcast clouds
188,Skeldon,GY,5.8833,-57.1333,73.62,94,100,3.65,overcast clouds
189,Horsham,GB,51.064,-0.3272,39.43,86,0,6.91,clear sky
190,Tura,IN,25.5198,90.2201,57.34,88,44,3.38,scattered clouds
191,Kantunilkin,MX,21.0917,-87.45,73.24,96,32,1.34,scattered clouds
192,Dwarka,IN,22.2394,68.9678,72.54,52,11,9.4,few clouds
193,Saldanha,ZA,-33.0117,17.9442,61.77,71,1,8.19,clear sky
194,Heinola,FI,61.2056,26.0381,23.09,94,100,13.11,light snow
195,Brezno,SK,48.8043,19.6363,40.55,99,100,1.99,overcast clouds
196,Kodiak,US,57.79,-152.4072,37.15,95,98,16.69,light rain
197,Keetmanshoop,NA,-26.5833,18.1333,77.68,37,14,10.13,few clouds
198,Copiapo,CL,-27.3667,-70.3333,67.01,59,0,1.3,clear sky
199,Lata,PT,40.1629,-8.3327,42.06,96,79,2.75,broken clouds
200,Jalu,LY,29.0331,21.5482,48.11,78,0,5.68,clear sky
201,Ribeira Grande,PT,38.5167,-28.7,58.86,79,21,5.61,few clouds
202,Hamilton,US,39.1834,-84.5333,19.24,86,100,4.61,overcast clouds
203,Nabire,ID,-3.3667,135.4833,85.8,67,99,8.5,overcast clouds
204,Adrar,MR,20.5022,-10.0711,60.76,13,0,9.22,clear sky
205,Gambela,ET,8.25,34.5833,78.84,34,96,0.69,overcast clouds
206,Guarapari,BR,-20.6667,-40.4975,75.09,86,100,8.72,overcast clouds
207,Puerto Ayora,EC,-0.7393,-90.3518,74.55,93,46,1.99,scattered clouds
208,Hobart,AU,-42.8794,147.3294,73.22,60,20,11.5,few clouds
209,Iquitos,PE,-3.7481,-73.2472,73.44,100,0,2.3,clear sky
210,Marawi,PH,7.9986,124.2928,74.64,53,67,8.01,broken clouds
211,Gien,FR,47.6933,2.6309,32.56,93,20,5.91,few clouds
212,Ambilobe,MG,-13.2,49.05,78.8,88,95,13.62,light rain
213,Dikson,RU,73.5069,80.5464,-2.38,91,100,5.44,overcast clouds
214,Zabaykalsk,RU,49.6333,117.3167,3.07,82,98,10.65,overcast clouds
215,Goderich,CA,43.7501,-81.7165,11.91,96,100,4.47,overcast clouds
216,Guanambi,BR,-14.2233,-42.7814,70.83,78,99,6.06,overcast clouds
217,El Rosario,MX,24.2556,-107.1828,59.2,72,0,5.3,clear sky
218,Inhambane,MZ,-23.865,35.3833,78.49,78,54,12.19,light rain
219,Fort Nelson,CA,58.8053,-122.7002,-7.35,96,100,1.68,overcast clouds
220,Vardo,NO,70.3705,31.1107,21.49,90,100,25.81,light snow
221,Senador Guiomard,BR,-10.1522,-67.7392,74.95,99,100,3.2,moderate rain
222,Namatanai,PG,-3.6667,152.4333,85.01,67,84,9.66,broken clouds
223,Ostrovnoy,RU,68.0531,39.5131,15.28,83,100,27.0,overcast clouds
224,Krasnyy Chikoy,RU,50.3643,108.7512,15.33,82,100,5.57,overcast clouds
225,Anadyr,RU,64.75,177.4833,-9.85,82,0,4.16,clear sky
226,Milas,TR,37.3164,27.7839,33.15,86,0,3.44,clear sky
227,Golaesti,RO,47.2333,27.7,35.17,69,0,8.01,clear sky
228,Hofn,IS,64.2539,-15.2082,26.33,66,100,14.74,overcast clouds
229,Tiangua,BR,-3.7322,-40.9917,65.79,99,41,2.51,scattered clouds
230,Kamenka,RU,51.3223,42.7678,9.86,97,91,6.49,overcast clouds
231,La Ronge,CA,55.1001,-105.2842,-3.89,98,100,9.06,light snow
232,Hervey Bay,AU,-25.2986,152.8535,80.02,61,27,15.99,scattered clouds
233,Nioro,GM,13.35,-15.75,71.47,12,0,4.61,clear sky
234,Berlevag,NO,70.8578,29.0864,20.75,80,100,25.14,overcast clouds
235,Norwich,GB,52.6278,1.2983,37.26,85,11,11.5,few clouds
236,Rognan,NO,67.0953,15.3878,30.34,84,99,10.4,overcast clouds
237,Havoysund,NO,70.9963,24.6622,20.28,80,95,20.85,overcast clouds
238,Biltine,TD,14.5333,20.9167,59.04,23,4,18.9,clear sky
239,Kenai,US,60.5544,-151.2583,20.03,93,0,0.0,fog
240,Auki,SB,-8.7676,160.7034,84.0,74,91,7.96,overcast clouds
241,Merauke,ID,-8.4667,140.3333,85.21,72,61,11.9,broken clouds
242,Vikulovo,RU,56.8167,70.6107,20.79,84,100,9.13,overcast clouds
243,Laguna,US,38.421,-121.4238,53.96,71,0,0.0,clear sky
244,Inza,RU,53.8533,46.3586,21.27,97,100,3.44,overcast clouds
245,Flinders,AU,-34.5833,150.8552,74.48,66,58,13.0,broken clouds
246,Sitka,US,57.0531,-135.33,39.51,95,100,9.31,light rain
247,Bathsheba,BB,13.2167,-59.5167,75.81,68,2,13.13,clear sky
248,Maragogi,BR,-9.0122,-35.2225,77.32,75,15,5.61,few clouds
249,Zhigansk,RU,66.7697,123.3711,-24.57,97,100,4.43,overcast clouds
250,San Andres,CO,12.5847,-81.7006,80.1,72,35,12.73,scattered clouds
251,Noumea,NC,-22.2763,166.4572,85.98,76,100,8.25,light rain
252,Buldana,IN,20.5333,76.1833,71.51,18,62,7.49,broken clouds
253,Lompoc,US,34.6391,-120.4579,57.18,76,0,3.44,clear sky
254,Kieta,PG,-6.2167,155.6333,85.26,75,100,11.92,light rain
255,Zambezi,ZM,-13.5432,23.1047,62.64,97,89,4.0,overcast clouds
256,Taoudenni,ML,22.6783,-3.9836,61.74,16,51,10.13,broken clouds
257,Yar-Sale,RU,66.8333,70.8333,-0.83,100,90,5.84,overcast clouds
258,Cam Ranh,VN,11.9214,109.1591,80.56,69,40,21.85,scattered clouds
259,Cidreira,BR,-30.1811,-50.2056,72.0,93,10,3.83,clear sky
260,Burnie,AU,-41.0667,145.9167,69.94,63,93,7.47,overcast clouds
261,Staryy Nadym,RU,65.6118,72.6842,-1.43,99,84,8.97,broken clouds
262,Cacheu,GW,12.2706,-16.1658,67.28,39,0,5.28,clear sky
263,San Patricio,US,28.017,-97.5169,39.81,77,6,12.33,clear sky
264,Saint-Francois,FR,46.4154,3.9054,35.04,92,0,5.75,clear sky
265,Bambous Virieux,MU,-20.3428,57.7575,82.22,85,98,20.8,light rain
266,Conde,BR,-7.2597,-34.9075,78.26,83,20,5.75,few clouds
267,Talnakh,RU,69.4865,88.3972,-7.42,96,93,3.98,overcast clouds
268,Pandan,PH,14.0453,124.1694,78.26,81,100,18.63,overcast clouds
269,Tiarei,PF,-17.5333,-149.3333,82.42,74,21,14.83,few clouds
270,Inirida,CO,3.8653,-67.9239,72.99,94,49,3.24,scattered clouds
271,Provideniya,RU,64.3833,-173.3,0.1,68,1,11.79,clear sky
272,Leh,IN,34.1667,77.5833,1.27,87,88,2.73,overcast clouds
273,Norman Wells,CA,65.282,-126.8329,-7.56,59,75,21.85,broken clouds
274,Christchurch,NZ,-43.5333,172.6333,56.91,89,100,1.01,moderate rain
275,Jibuti,DJ,11.5,42.5,69.35,39,42,1.95,scattered clouds
276,Guiratinga,BR,-16.3494,-53.7583,71.17,92,80,1.97,broken clouds
277,Beli Manastir,HR,45.77,18.6036,42.37,85,100,5.01,overcast clouds
278,Tambopata,PE,-12.7333,-69.1833,70.92,99,90,2.15,overcast clouds
279,Tondano,ID,1.3038,124.9112,78.89,71,94,5.64,overcast clouds
280,Pisco,PE,-13.7,-76.2167,67.01,88,0,0.0,clear sky
281,Tuatapere,NZ,-46.1333,167.6833,59.83,57,18,9.06,few clouds
282,Savelugu,GH,9.6244,-0.8253,71.55,16,4,7.07,clear sky
283,Niteroi,BR,-22.8833,-43.1036,78.46,83,75,3.44,broken clouds
284,Yantal,RU,56.8471,105.2542,16.5,88,100,8.1,overcast clouds
285,Agadez,NE,19.75,10.25,50.22,35,0,9.13,clear sky
286,Livingston,GB,55.9029,-3.5226,40.68,87,75,11.5,broken clouds
287,Athabasca,CA,54.7169,-113.2854,4.06,98,100,3.2,overcast clouds
288,Lazaro Cardenas,MX,17.9583,-102.2,71.13,83,9,3.4,clear sky
289,Kloulklubed,PW,7.0419,134.2556,86.5,81,40,19.6,scattered clouds
290,Arinos,BR,-15.9169,-46.1056,72.19,88,98,1.32,overcast clouds
291,Batagay-Alyta,RU,67.8006,130.4114,-20.27,96,39,0.6,scattered clouds
292,Masakin,TN,35.7292,10.5808,45.86,71,0,3.44,clear sky
293,Pochutla,MX,15.7432,-96.4661,76.05,71,0,4.05,clear sky
294,Caluquembe,AO,-13.7833,14.6833,59.74,72,100,2.62,overcast clouds
295,Batemans Bay,AU,-35.7167,150.1833,72.19,60,57,13.27,broken clouds
296,Tazovskiy,RU,67.4667,78.7,5.36,96,100,7.54,overcast clouds
297,Pahrump,US,36.2083,-115.9839,46.09,31,0,1.48,clear sky
298,Vanimo,PG,-2.6741,141.3028,86.02,66,56,11.18,broken clouds
299,Sao Jose Da Coroa Grande,BR,-8.8978,-35.1478,77.65,75,15,5.7,few clouds
300,Luwuk,ID,-0.9516,122.7875,85.96,71,99,2.59,overcast clouds
301,Silver City,US,32.7701,-108.2803,25.68,55,0,1.01,clear sky
302,Palanga,LT,55.9175,21.0686,39.22,93,75,13.8,light rain
303,Taltal,CL,-25.4,-70.4833,67.21,73,0,2.46,clear sky
304,Vannes,FR,47.8333,-2.5,44.28,92,41,6.71,scattered clouds
305,Port Hardy,CA,50.6996,-127.4199,45.75,93,90,6.91,light rain
306,Benidorm,ES,38.5382,-0.131,57.49,63,100,7.2,overcast clouds
307,Waipawa,NZ,-41.4122,175.5153,56.03,93,100,8.68,light rain
308,Pemba,MZ,-12.974,40.5178,77.13,84,96,9.13,overcast clouds
309,Lagoa,PT,39.05,-27.9833,57.56,82,84,21.54,broken clouds
310,Clyde River,CA,70.4692,-68.5914,-10.97,70,0,4.61,clear sky
311,Diego De Almagro,CL,-26.3667,-70.05,62.62,45,0,1.23,clear sky
312,Borgarnes,IS,64.5383,-21.9206,27.16,77,100,13.4,light snow
313,Lilongwe,MW,-13.9669,33.7873,64.09,94,100,2.75,light rain
314,Abashiri,JP,44.0213,144.2697,27.95,79,98,12.82,overcast clouds
315,Harper,LR,4.375,-7.7169,77.79,84,79,4.45,light rain
316,Nisia Floresta,BR,-6.0911,-35.2086,77.81,83,14,5.57,few clouds
317,Massaguet,TD,12.4755,15.4365,61.21,23,13,14.38,few clouds
318,Beyneu,KZ,45.3167,55.2,37.51,89,99,7.27,overcast clouds
319,Lavrentiya,RU,65.5833,-171.0,-10.43,84,2,8.72,clear sky
320,Cherskiy,RU,68.75,161.3,-31.59,97,8,4.18,clear sky
321,Tigil,RU,57.8,158.6667,13.78,88,100,4.76,overcast clouds
322,Yavoriv,UA,49.9386,23.3825,36.75,82,100,11.61,overcast clouds
323,Udachnyy,RU,66.4167,112.4,-19.97,99,79,4.41,broken clouds
324,Fallon,US,39.4735,-118.7774,37.42,39,63,2.33,broken clouds
325,Fort-De-France,MQ,14.6089,-61.0733,73.76,94,20,2.3,few clouds
326,Touros,BR,-5.1989,-35.4608,79.57,74,5,11.48,clear sky
327,Pouembout,NC,-21.1333,164.9,82.2,81,100,11.1,heavy intensity rain
328,Dingle,PH,10.9995,122.6711,82.47,70,83,18.01,broken clouds
329,Rafsanjan,IR,30.4067,55.9939,62.06,36,59,16.2,broken clouds
330,Nemuro,JP,43.3236,145.575,27.03,62,38,17.92,scattered clouds
331,Salinas,US,36.6777,-121.6555,54.36,55,0,4.61,clear sky
332,Plettenberg Bay,ZA,-34.0527,23.3716,63.77,73,0,6.24,clear sky
333,Chicama,PE,-7.8447,-79.1469,70.83,76,66,5.26,broken clouds
334,Coquimbo,CL,-29.9533,-71.3436,64.13,82,0,2.3,clear sky
335,Grindavik,IS,63.8424,-22.4338,27.07,63,100,31.07,light snow
336,Aktas,KZ,49.7789,72.9608,4.75,68,1,6.26,clear sky
337,Samfya,ZM,-11.3649,29.5565,63.14,94,100,3.96,overcast clouds
338,Steamboat Springs,US,40.485,-106.8317,22.5,68,0,0.0,clear sky
339,Albertville,US,34.2676,-86.2089,31.86,70,100,3.0,overcast clouds
340,Lockhart,US,28.6194,-81.4426,71.69,76,20,4.61,few clouds
341,Aborlan,PH,9.4352,118.5492,81.95,76,88,13.71,overcast clouds
342,Camacupa,AO,-12.0167,17.4833,60.66,94,100,0.34,overcast clouds
343,Arman,RU,59.7,150.1667,5.09,72,31,11.68,scattered clouds
344,Palana,RU,59.1167,159.9667,14.41,76,99,11.83,overcast clouds
345,Sofiyivka,UA,48.0493,33.8746,17.11,94,7,3.15,clear sky
346,Yumen,CN,40.2833,97.2,20.26,29,100,17.96,overcast clouds
347,Bonavista,CA,48.6499,-53.1147,31.12,94,100,23.98,snow
348,Comodoro Rivadavia,AR,-45.8667,-67.5,56.64,65,4,8.61,clear sky
349,Aketi,CD,2.7388,23.7833,70.5,56,100,0.67,overcast clouds
350,Acapulco,MX,16.8634,-99.8901,73.38,79,0,3.74,clear sky
351,Kurilsk,RU,45.2333,147.8833,23.79,70,100,15.14,overcast clouds
352,Elat,IL,29.5581,34.9482,51.26,71,72,1.68,broken clouds
353,Glens Falls,US,43.3095,-73.644,13.21,87,100,1.01,overcast clouds
354,Markova,UA,48.6758,24.4138,27.99,87,96,6.67,overcast clouds
355,Dryden,CA,49.7833,-92.7503,-11.76,100,95,2.51,overcast clouds
356,Saint-Georges,GD,12.0564,-61.7485,76.69,72,1,10.74,clear sky
357,Sierning,AT,48.0436,14.3082,39.24,86,100,1.01,light rain
358,Santiago,CL,-33.4569,-70.6483,70.99,52,0,5.75,clear sky
359,Mobai,SL,7.9944,-10.7511,63.34,88,47,1.83,scattered clouds
360,Aguimes,ES,27.9054,-15.4461,66.67,34,0,1.14,clear sky
361,Meulaboh,ID,4.1363,96.1285,84.99,64,87,4.56,overcast clouds
362,Zmiyiv,UA,49.6966,36.3611,20.12,98,59,4.18,broken clouds
363,Isangel,VU,-19.55,169.2667,77.34,88,100,13.29,light rain
364,Keita,NE,14.7551,5.7749,58.15,19,0,16.37,clear sky
365,Maebaru,JP,33.55,130.2,44.94,53,100,18.81,overcast clouds
366,Playa Del Carmen,MX,20.6274,-87.0799,73.35,90,0,3.18,clear sky
367,Launceston,AU,-41.45,147.1667,76.6,40,40,4.0,scattered clouds
368,Srednekolymsk,RU,67.45,153.6833,-32.13,100,98,0.74,overcast clouds
369,Yorkton,CA,51.2167,-102.4677,-5.96,71,100,18.41,overcast clouds
370,Honningsvag,NO,70.9821,25.9704,21.49,76,100,25.61,overcast clouds
371,Wick,GB,58.4333,-3.0833,38.95,87,96,10.36,overcast clouds
372,Kifri,IQ,34.6959,44.9661,47.75,80,77,1.48,broken clouds
373,Lazo,RU,43.3817,133.9014,10.29,60,61,10.02,broken clouds
374,Riyadh,SA,24.6877,46.7219,60.85,33,22,17.27,few clouds
375,Predivinsk,RU,57.0669,93.4378,23.97,83,100,10.56,overcast clouds
376,Weener,DE,53.1667,7.35,39.96,94,70,14.74,broken clouds
377,Breves,BR,-1.6822,-50.4803,73.33,97,100,2.98,light rain
378,Shimoda,JP,34.6667,138.95,46.51,44,19,29.42,few clouds
379,Kavieng,PG,-2.5744,150.7967,83.95,71,83,8.93,broken clouds
380,Saint-Leu,RE,-21.15,55.2833,83.26,76,100,8.1,light rain
381,Ruwi,OM,23.5996,58.5507,73.09,39,19,2.64,few clouds
382,Pokhara,NP,28.2333,83.9833,52.75,76,70,3.76,broken clouds
383,Wanning,CN,18.8003,110.3967,67.53,81,100,12.03,overcast clouds
384,Nantucket,US,41.2835,-70.0995,35.15,94,100,19.82,overcast clouds
385,Hami,CN,42.8,93.45,29.73,25,100,3.24,overcast clouds
386,Asau,RO,46.4333,26.4,33.96,62,64,6.69,broken clouds
387,Emmett,US,43.8735,-116.4993,31.93,80,100,3.15,overcast clouds
388,Neiba,DO,18.5,-71.4167,70.84,80,26,1.68,scattered clouds
389,Champerico,GT,14.3,-91.9167,80.35,72,4,0.47,clear sky
390,Ixtapa,MX,20.7,-105.2,64.63,84,6,1.83,clear sky
391,Charters Towers,AU,-20.1,146.2667,88.41,36,32,11.88,scattered clouds
392,Paamiut,GL,61.994,-49.6678,3.42,89,100,9.15,light snow
393,Ilulissat,GL,69.2167,-51.1,10.42,67,75,8.05,light shower snow
394,Bull Savanna,JM,17.8868,-77.5902,70.75,83,6,5.73,clear sky
395,Steinbach,DE,50.1667,8.5667,38.01,83,20,5.75,few clouds
396,Butka,RU,56.7179,63.7866,23.16,89,100,9.28,overcast clouds
397,Surt,LY,31.2089,16.5887,54.01,53,6,12.68,clear sky
398,Lasa,IT,46.6166,10.7002,33.3,94,40,8.3,scattered clouds
399,Norrtalje,SE,59.758,18.705,34.02,88,100,9.22,overcast clouds
400,Kamaishi,JP,39.2667,141.8833,31.15,45,29,16.04,scattered clouds
401,Manthani,IN,18.65,79.6667,76.12,20,84,5.75,broken clouds
402,Kahului,US,20.8947,-156.47,75.85,89,28,3.0,scattered clouds
403,Omboue,GA,-1.5746,9.2618,76.1,86,91,4.81,overcast clouds
404,Nova Vicosa,BR,-17.8919,-39.3719,75.79,89,99,6.58,light rain
405,Cabedelo,BR,-6.9811,-34.8339,77.67,77,6,9.57,clear sky
406,Codrington,AU,-38.2667,141.9667,69.3,58,99,20.67,overcast clouds
407,Kumylzhenskaya,RU,49.8809,42.5898,14.05,94,93,8.3,overcast clouds
408,Sorland,NO,67.667,12.6934,33.6,76,100,30.36,overcast clouds
409,Belousovka,KZ,50.1339,82.5239,-4.95,77,100,0.0,fog
410,Brae,GB,60.3964,-1.353,40.91,66,100,21.61,overcast clouds
411,Luanda,AO,-8.8368,13.2343,75.2,83,75,6.91,broken clouds
412,Quebrada De Arena,HN,15.7667,-85.9167,71.01,98,30,1.21,scattered clouds
413,Gamba,GA,-2.65,10.0,74.95,87,98,4.23,overcast clouds
414,Mitsamiouli,KM,-11.3847,43.2844,82.02,74,98,10.69,light rain
415,Maarianhamina,AX,60.0973,19.9348,33.66,93,100,3.44,overcast clouds
416,Huilong,CN,31.8111,121.655,42.98,45,8,17.13,clear sky
417,Cayenne,GF,4.9333,-52.3333,79.09,86,75,7.0,light rain
418,Slidell,US,30.2752,-89.7812,36.0,85,99,1.01,overcast clouds
419,Zholymbet,KZ,51.7433,71.7122,7.7,72,99,6.89,overcast clouds
420,Sioux Lookout,CA,50.1001,-91.917,-19.64,100,73,2.84,broken clouds
421,Sadalgi,IN,16.5667,74.55,76.8,40,17,6.11,few clouds
422,Rexburg,US,43.826,-111.7897,19.38,86,100,0.0,overcast clouds
423,Port-Gentil,GA,-0.7193,8.7815,79.43,79,68,8.88,broken clouds
424,Ozernovskiy,RU,51.5,156.5167,29.48,84,96,4.18,overcast clouds
425,Ambon,ID,-3.6954,128.1814,89.74,62,40,8.05,scattered clouds
426,Astoria,US,46.1879,-123.8313,45.86,96,93,1.01,overcast clouds
427,West Wendover,US,40.7391,-114.0733,29.37,57,12,3.71,few clouds
428,Innisfail,AU,-17.5333,146.0333,86.22,85,88,8.93,light rain
429,Itoman,JP,26.1247,127.6694,63.37,51,40,20.71,scattered clouds
430,Paramonga,PE,-10.6667,-77.8333,69.89,86,93,7.07,overcast clouds
431,Luban,PL,51.1201,15.2877,40.59,83,100,16.24,overcast clouds
432,Maku,IR,39.2911,44.4521,24.66,85,95,5.01,overcast clouds
433,Kamnik,SI,46.2259,14.6121,46.76,93,0,3.44,clear sky
434,Mazatan,MX,14.8667,-92.45,71.67,100,0,0.0,clear sky
435,Bismarck,US,46.8083,-100.7837,15.87,64,100,8.01,overcast clouds
436,Alofi,NU,-19.0595,-169.9187,76.89,94,100,5.75,overcast clouds
437,Mahwa,IN,27.0471,76.9288,60.24,51,0,3.53,clear sky
438,Ossora,RU,59.2353,163.0719,9.01,79,100,7.31,overcast clouds
439,Yulara,AU,-25.2406,130.9889,85.71,16,0,10.63,clear sky
440,Nawa,IN,27.0167,75.0,60.35,45,0,9.31,clear sky
441,Bandar,ID,2.05,99.75,83.39,70,100,3.29,overcast clouds
442,Dali,CN,25.7,100.1833,58.71,30,41,10.4,scattered clouds
443,Barcelona,ES,41.3888,2.159,53.55,87,40,6.91,mist
444,Ocos,GT,14.5094,-92.1933,80.31,74,3,4.14,clear sky
445,Slavsk,RU,55.0425,21.677,36.64,97,100,15.05,light rain
446,Andenes,NO,69.3143,16.1194,26.58,74,85,14.97,overcast clouds
447,Rodrigues Alves,BR,-7.738,-72.6509,72.05,98,100,2.62,overcast clouds
448,Labuan,MY,5.2767,115.2417,89.76,75,97,4.61,overcast clouds
449,Bara,NG,10.3744,10.7288,59.65,24,0,7.56,clear sky
450,Puntarenas,CR,9.9763,-84.8384,80.53,73,11,3.6,few clouds
451,Lebu,CL,-37.6167,-73.65,56.95,88,51,17.56,broken clouds
452,Singaraja,ID,-8.112,115.0882,85.96,78,53,5.7,broken clouds
453,Mindelo,CV,16.8901,-24.9804,69.35,73,20,21.85,few clouds
454,Nuqui,CO,5.7125,-77.2708,75.49,90,18,5.91,light rain
455,Jovellar,PH,13.0695,123.5999,80.38,74,98,12.62,overcast clouds
456,Santa Isabel Do Rio Negro,BR,-0.4139,-65.0192,72.7,99,100,0.78,light rain
457,Hvolsvollur,IS,63.7533,-20.2243,24.82,65,100,10.38,overcast clouds
458,Kirakira,SB,-10.4544,161.9205,84.79,75,98,8.68,overcast clouds
459,Vallenar,CL,-28.5708,-70.7581,68.18,55,0,1.59,clear sky
460,Bani,DO,18.2833,-70.3333,70.75,76,4,12.75,clear sky
461,Richards Bay,ZA,-28.783,32.0377,71.42,90,100,14.47,light rain
462,Dabola,GN,10.75,-11.1167,67.53,20,0,2.1,clear sky
463,Candido Mendes,BR,-1.4467,-45.7167,74.91,93,100,2.26,overcast clouds
464,Korla,CN,41.7597,86.1469,28.58,38,100,6.55,overcast clouds
465,Goure,NE,13.9835,10.2704,54.39,26,4,12.33,clear sky
466,Gorontalo,ID,0.5412,123.0595,86.07,67,97,3.04,overcast clouds
467,Cyangugu,RW,-2.4846,28.9075,60.28,96,100,3.02,overcast clouds
468,Boa Vista,BR,2.8197,-60.6733,80.58,61,0,10.36,clear sky
469,Vestmannaeyjar,IS,63.4427,-20.2734,32.45,84,100,16.35,light snow
470,Kyren,RU,51.6828,102.1408,16.23,72,33,1.16,scattered clouds
471,Praia Da Vitoria,PT,38.7333,-27.0667,56.75,94,89,20.6,overcast clouds
472,Kathu,TH,7.9178,98.3332,93.61,69,52,15.52,broken clouds
473,Marsh Harbour,BS,26.5412,-77.0636,72.88,62,0,7.09,clear sky
474,Moose Factory,CA,51.2585,-80.6094,-16.56,100,100,3.62,overcast clouds
475,Barra Dos Coqueiros,BR,-10.9089,-37.0386,82.42,69,75,8.05,broken clouds
476,Simiti,CO,7.9579,-73.9436,75.76,82,38,2.35,scattered clouds
477,La Gomera,GT,14.0833,-91.05,73.65,75,6,3.65,clear sky
478,Port Lincoln,AU,-34.7333,135.8667,74.35,54,6,10.63,clear sky
479,Montague,US,42.5356,-72.5351,27.73,72,100,1.99,overcast clouds
480,San Cristobal,VE,7.7669,-72.225,69.98,92,52,3.0,broken clouds
481,Borogontsy,RU,62.6683,131.1683,-24.2,92,97,2.33,overcast clouds
482,Solnechnyy,RU,50.7214,136.6319,8.94,89,100,2.19,overcast clouds
483,Plouzane,FR,48.3833,-4.6167,42.85,90,20,5.75,few clouds
484,Pacifica,US,37.6138,-122.4869,56.14,60,20,3.44,few clouds
485,Mulege,MX,26.8833,-111.9833,56.23,44,0,8.25,clear sky
486,Parthenay,FR,46.6667,-0.4167,31.12,90,16,4.52,few clouds
487,Mazsalaca,LV,57.8633,25.0547,30.25,97,100,12.44,light snow
488,Marquette,US,46.5333,-87.6335,7.34,72,71,8.77,light snow
489,Talas,TR,38.6908,35.5538,25.47,80,75,4.61,broken clouds
490,Tukums,LV,56.9669,23.1553,33.15,98,100,12.03,light snow
491,Quatre Cocos,MU,-20.2078,57.7625,81.09,85,99,19.48,light rain
492,Hayden,US,47.766,-116.7866,35.35,88,100,9.22,overcast clouds
493,Cap Malheureux,MU,-19.9842,57.6142,81.46,81,100,7.0,overcast clouds
494,Nieuw Amsterdam,SR,5.8833,-55.0833,76.01,92,100,6.98,overcast clouds
495,Labytnangi,RU,66.6572,66.4183,-3.95,95,85,3.6,overcast clouds
496,Pozzallo,IT,36.7305,14.8499,51.21,87,5,10.16,clear sky
497,Terenos,BR,-20.4422,-54.8603,76.71,83,0,6.91,clear sky
498,Jumla,NP,29.2747,82.1838,37.29,72,4,2.17,clear sky
499,Samarai,PG,-10.6167,150.6667,84.54,76,95,9.6,overcast clouds
500,Los Llanos De Aridane,ES,28.6585,-17.9182,57.13,72,0,8.99,clear sky
501,Pueblo,US,38.2545,-104.6091,29.79,76,0,4.61,clear sky
502,Nikko,JP,36.75,139.6167,33.94,54,61,12.5,broken clouds
503,Beboto,TD,8.2668,16.939,64.27,19,81,4.59,broken clouds
504,Oskemen,KZ,49.9565,82.6119,-4.04,77,100,0.0,fog
505,Marsa Matruh,EG,31.3525,27.2453,53.8,66,40,10.36,scattered clouds
506,Portree,GB,57.4129,-6.1942,42.85,94,100,25.81,moderate rain
507,Butterworth,MY,5.3991,100.3638,91.0,61,20,6.91,few clouds
508,Lamu,KE,-2.2717,40.902,78.58,79,100,7.67,overcast clouds
509,Vuktyl,RU,63.8567,57.3094,-6.39,100,94,2.17,overcast clouds
510,Nyurba,RU,63.2842,118.3319,-9.31,94,96,3.4,overcast clouds
511,San Isidro,PE,-12.1167,-77.05,69.39,65,0,1.01,clear sky
512,Awjilah,LY,29.1081,21.2869,48.27,79,0,5.35,clear sky
513,Isiro,CD,2.7739,27.616,66.54,73,94,1.72,overcast clouds
514,Severodvinsk,RU,64.5635,39.8302,-1.89,92,97,12.26,overcast clouds
515,Gummidipundi,IN,13.4,80.15,86.0,68,68,4.38,broken clouds
516,Mastic Beach,US,40.7668,-72.8521,31.17,89,100,5.01,snow
517,Micheweni,TZ,-4.9667,39.8333,80.62,80,99,5.35,overcast clouds
518,Tena,EC,-0.9833,-77.8167,69.46,98,88,2.37,moderate rain
519,Amarillo,US,35.222,-101.8313,20.68,61,3,8.12,clear sky
520,Anqing,CN,30.5092,117.0506,48.29,50,3,11.32,clear sky
521,Ryotsu,JP,38.0833,138.4333,31.84,71,88,25.81,light snow
522,Badin,PK,24.656,68.8384,71.24,35,0,8.16,clear sky
523,San Carlos De Bariloche,AR,-41.1456,-71.3082,49.24,76,82,0.36,broken clouds
524,Puro,PH,12.4841,123.3827,80.46,75,97,16.8,overcast clouds
525,Lodja,CD,-3.4833,23.4333,67.44,92,91,2.46,overcast clouds
526,Constitucion,CL,-35.3333,-72.4167,57.74,86,14,10.83,few clouds
527,Gushikawa,JP,26.3544,127.8686,62.6,49,75,12.66,broken clouds
528,Naila,DE,50.3167,11.7,33.89,89,75,10.0,broken clouds
529,Midland,US,31.9974,-102.0779,29.48,66,0,4.61,clear sky
530,Haines Junction,CA,60.7522,-137.5108,-11.25,77,100,1.14,overcast clouds
531,Grand Gaube,MU,-20.0064,57.6608,81.37,81,100,7.0,overcast clouds
532,Aldan,RU,58.6031,125.3894,-0.99,91,100,4.43,overcast clouds
533,Katsuura,JP,35.1333,140.3,46.51,36,98,6.46,overcast clouds
534,Truth Or Consequences,US,33.1284,-107.2528,28.15,57,0,0.0,clear sky
535,Akyab,MM,20.15,92.9,76.53,59,23,5.99,few clouds
536,Kuytun,RU,54.3419,101.5036,11.12,82,100,4.79,overcast clouds
537,Lira,UG,2.235,32.9097,70.63,53,91,3.94,overcast clouds
538,Paengaroa,NZ,-37.8167,176.4167,78.33,76,47,4.0,scattered clouds
539,Togitsu,JP,32.8333,129.85,40.98,56,100,20.22,overcast clouds
540,Dir,PK,35.2058,71.8756,43.75,22,0,1.07,clear sky
541,Maun,BW,-19.9833,23.4167,67.78,88,77,3.85,light rain
542,Pitimbu,BR,-7.4706,-34.8086,77.59,71,7,7.67,clear sky
543,Datong,CN,40.0936,113.2914,20.28,29,41,5.28,scattered clouds
544,Nacala,MZ,-14.5428,40.6728,78.1,83,85,5.61,overcast clouds
545,Geri,CY,35.1,33.4167,50.32,87,40,6.91,scattered clouds
546,Bodden Town,KY,19.2833,-81.25,75.99,82,13,3.0,few clouds
547,Mogadishu,SO,2.0371,45.3438,77.9,78,46,19.48,scattered clouds
548,Skarnes,NO,60.2528,11.6797,25.61,89,67,2.64,broken clouds
549,Huaicheng,CN,23.9051,112.1931,61.12,48,2,1.05,clear sky
550,Hovd,MN,48.0056,91.6419,-3.44,77,4,2.91,clear sky
551,Notse,TG,6.95,1.1667,75.36,84,2,1.63,clear sky
552,Ilam,NP,26.9167,87.9167,47.86,88,94,2.1,overcast clouds
553,Singapore,SG,1.2897,103.8501,89.55,57,75,12.66,broken clouds
554,Bullas,ES,38.0467,-1.6723,48.16,81,99,3.91,overcast clouds
555,Chuy,UY,-33.6971,-53.4616,68.04,94,44,3.76,scattered clouds
556,Khvastovichi,RU,53.4694,35.0941,10.54,100,100,1.01,overcast clouds
557,Fare,PF,-16.7,-151.0167,81.18,72,85,14.29,overcast clouds
558,Trinidad,BO,-14.8333,-64.9,73.83,94,92,5.03,overcast clouds
559,Bandarbeyla,SO,9.4942,50.8122,75.47,66,0,6.53,clear sky
560,Andradina,BR,-20.8961,-51.3794,71.62,91,99,4.54,light rain
561,Sinnamary,GF,5.3833,-52.95,75.78,88,85,8.55,overcast clouds
562,Niquero,CU,20.0431,-77.5828,71.92,78,4,14.79,clear sky
563,Sembakung,ID,3.8167,117.25,87.73,54,85,2.15,overcast clouds
564,Muscat,OM,23.6139,58.5922,75.09,42,18,3.04,few clouds
565,Virginia Beach,US,36.8529,-75.978,40.1,93,100,20.71,light rain
566,Isabela,PH,6.7085,121.9711,84.18,69,99,11.52,overcast clouds
567,Balabac,PH,7.9868,117.0645,78.82,87,100,19.57,heavy intensity rain
568,Loiza,PR,18.4313,-65.8802,75.2,89,40,0.0,scattered clouds
569,Torata,PE,-17.0769,-70.8433,57.67,74,12,1.77,few clouds
570,Hudson Bay,CA,52.85,-102.3842,-3.84,98,100,4.92,light snow
571,Forrest City,US,35.0081,-90.7898,21.06,91,6,6.6,clear sky
572,Flin Flon,CA,54.7682,-101.865,-9.94,97,100,6.22,overcast clouds
573,Gizo,SB,-8.103,156.8419,85.82,71,93,10.49,overcast clouds
574,Qandala,SO,11.472,49.8728,78.33,40,0,3.51,clear sky
575,Caravelas,BR,-17.7125,-39.2481,75.06,91,100,4.97,overcast clouds
576,Mount Isa,AU,-20.7333,139.5,91.17,17,5,10.36,clear sky
577,Klaksvik,FO,62.2266,-6.589,34.72,58,98,9.15,overcast clouds
578,Talaya,RU,61.3833,152.75,-28.93,98,38,1.07,scattered clouds
579,Hokitika,NZ,-42.7167,170.9667,58.64,85,100,8.28,overcast clouds
580,Veraval,IN,20.9,70.3667,70.95,50,23,2.13,few clouds
581,Sistranda,NO,63.7256,8.834,35.91,93,100,44.02,overcast clouds
582,Truro,GB,50.2653,-5.0544,47.48,71,75,13.8,broken clouds
583,Comendador,DO,18.8775,-71.7028,65.62,90,20,0.96,few clouds
584,Kodinsk,RU,58.6881,99.1844,20.25,91,100,8.03,overcast clouds
585,Bossangoa,CF,6.4926,17.4552,68.18,17,100,5.37,overcast clouds
586,Nchelenge,ZM,-9.3451,28.734,66.88,88,100,4.03,overcast clouds
587,Ajjampur,IN,13.7281,76.0094,77.95,29,45,8.16,scattered clouds
588,Manaquiri,BR,-3.3167,-60.35,75.69,98,100,2.28,overcast clouds
589,Gorgan,IR,36.8387,54.4348,52.05,74,2,8.63,clear sky
590,Chatham,GB,51.3789,0.5279,39.06,78,2,11.01,clear sky
591,Katima Mulilo,NA,-17.5,24.2667,66.13,93,100,3.47,overcast clouds
592,Igaci,BR,-9.5369,-36.6336,71.35,87,51,5.57,broken clouds
593,Palmer,US,42.1584,-72.3287,27.95,83,100,1.99,overcast clouds
594,Shenjiamen,CN,29.9576,122.298,43.97,61,50,17.16,scattered clouds
595,Tashara,RU,55.5195,83.5094,14.23,81,98,12.15,overcast clouds
596,Mandal,IN,25.45,74.5667,64.26,28,0,2.91,clear sky
597,Mount Gambier,AU,-37.8333,140.7667,74.21,46,58,14.2,broken clouds
598,Bridlington,GB,54.0831,-0.1919,39.29,80,26,18.9,scattered clouds
599,Sungaipenuh,ID,-2.0833,101.3833,75.2,69,100,0.96,overcast clouds
600,Belem,BR,-1.4558,-48.5044,73.76,96,100,2.93,moderate rain
601,Muros,ES,42.7762,-9.0603,51.24,74,57,14.79,broken clouds
602,Kudahuvadhoo,MV,2.6708,72.8944,82.0,72,41,11.1,scattered clouds
603,Leeton,AU,-34.5667,146.4,83.32,26,22,10.58,few clouds
604,Shingu,JP,33.7333,135.9833,40.91,46,35,16.4,scattered clouds
605,Porto Novo,BJ,6.4965,2.6036,74.1,90,1,2.62,clear sky
606,Benghazi,LY,32.1167,20.0667,55.71,68,2,9.6,clear sky
607,Pangkalanbuun,ID,-2.6833,111.6167,88.34,61,100,3.69,overcast clouds
608,Kirkenaer,NO,60.4564,12.0582,29.68,90,62,4.16,broken clouds
609,Craig,US,40.5153,-107.5464,16.54,78,0,0.0,clear sky
610,Pemangkat,ID,1.1667,108.9667,85.06,66,97,8.61,overcast clouds
611,Hemnesberget,NO,66.2333,13.6333,33.67,95,100,7.96,light snow
612,Santiago De Maria,SV,13.4833,-88.4667,67.03,81,54,2.73,broken clouds
613,Nanakuli,US,21.3906,-158.1547,76.95,71,40,3.44,scattered clouds
614,Umm Kaddadah,SD,13.6017,26.6876,54.82,28,2,20.13,clear sky
615,Lindsay,US,36.203,-119.0882,48.81,74,0,3.69,clear sky
616,Chernyshevskiy,RU,63.0128,112.4714,-9.36,94,89,3.24,overcast clouds
617,Charagua,BO,-19.8,-63.2167,69.06,97,100,0.74,overcast clouds
618,Dubbo,AU,-32.25,148.6167,77.13,31,40,20.71,scattered clouds
619,Mbandaka,CD,0.0487,18.2603,70.84,70,100,3.96,overcast clouds
620,Madang,PG,-5.2246,145.7966,89.26,60,78,10.16,broken clouds
621,Dovbysh,UA,50.3733,27.9874,28.56,94,100,8.66,overcast clouds
622,Chivay,PE,-15.6383,-71.6011,46.0,66,68,4.12,broken clouds
623,Guiyang,CN,26.5833,106.7167,44.19,75,100,7.56,overcast clouds
624,Ayan,RU,56.45,138.1667,-0.04,68,58,13.82,broken clouds
625,Prince Rupert,CA,54.3161,-130.3201,44.29,93,100,11.5,mist
626,Pangnirtung,CA,66.1451,-65.7125,-26.59,98,100,1.48,overcast clouds
627,Port Keats,AU,-14.25,129.55,86.2,65,63,9.51,broken clouds
628,Shakawe,BW,-18.3667,21.85,66.38,94,84,3.94,broken clouds
629,Sooke,CA,48.3746,-123.7276,48.42,94,98,15.39,overcast clouds
630,Mogoytuy,RU,51.2833,114.9167,8.4,71,16,9.06,few clouds
631,Ahvaz,IR,31.3203,48.6693,53.55,71,40,2.3,scattered clouds
632,Rio Gallegos,AR,-51.6226,-69.2181,50.05,71,0,19.57,clear sky
633,Rochester,US,43.1548,-77.6156,18.32,89,75,1.99,light snow
634,Sept-Iles,CA,50.2001,-66.3821,-0.94,65,100,4.0,overcast clouds
635,Nishihara,JP,26.1842,127.7558,62.65,51,40,17.27,scattered clouds
636,Cranbrook,CA,49.4999,-115.7688,26.83,91,49,5.93,scattered clouds
637,Bafoulabe,ML,13.8065,-10.8321,72.43,13,0,4.59,clear sky
638,Semirom,IR,31.4167,51.5667,33.57,86,83,23.11,light snow
639,Tommot,RU,58.9564,126.2925,2.44,87,100,6.98,overcast clouds
640,Atar,MR,20.5169,-13.0499,66.83,12,21,5.61,few clouds
641,Cintalapa,MX,16.6951,-93.7272,57.45,91,100,13.33,overcast clouds
642,Hodod,RO,47.4,23.0333,33.24,86,100,4.29,overcast clouds
643,Boende,CD,-0.2167,20.8667,69.6,81,100,1.7,overcast clouds
644,Amga,RU,60.8953,131.9608,-12.98,89,99,4.18,overcast clouds
645,Petropavlovsk-Kamchatskiy,RU,53.0452,158.6483,30.79,43,20,11.18,few clouds
646,Greenfield,US,42.9614,-88.0126,11.98,78,1,1.01,clear sky
647,Ghanzi,BW,-21.5667,21.7833,68.54,80,94,7.92,overcast clouds
648,Ouesso,CG,1.6136,16.0517,66.11,57,86,1.61,overcast clouds
649,Alugan,PH,12.2188,125.4808,81.05,75,97,18.14,overcast clouds
650,Yang Talat,TH,16.3998,103.3679,82.06,72,48,13.0,scattered clouds
651,Zhumadian,CN,32.9794,114.0294,44.69,42,38,7.16,scattered clouds
652,Miri,MY,4.4148,114.0089,83.86,72,100,5.41,overcast clouds
653,Saint George,US,37.1041,-113.5841,42.35,35,0,1.01,clear sky
654,Takaka,NZ,-40.85,172.8,61.97,92,100,9.26,light rain
655,Komsomolskiy,UZ,40.4272,71.7189,38.62,55,92,2.3,overcast clouds
656,Naryan-Mar,RU,67.6713,53.087,-15.02,100,100,7.2,overcast clouds
657,Somerset East,ZA,-32.7217,25.588,60.6,89,96,7.05,overcast clouds
658,Pleasanton,US,37.6624,-121.8747,55.35,74,0,3.44,clear sky
659,Te Anau,NZ,-45.4167,167.7167,63.18,43,3,5.77,clear sky
660,Weligama,LK,5.9667,80.4167,84.06,61,49,3.13,scattered clouds
661,Palmital,BR,-22.7889,-50.2175,69.84,95,100,4.5,overcast clouds
662,Leeuwarden,NL,53.2014,5.8086,42.01,82,75,13.8,broken clouds
663,Chino Valley,US,34.7575,-112.4538,37.71,34,0,1.01,clear sky
664,San Mateo Ixtatan,GT,15.8319,-91.4781,44.15,97,51,3.49,broken clouds
665,La Sarre,CA,48.8002,-79.1996,-14.76,99,97,2.8,overcast clouds
666,Qaqortoq,GL,60.7167,-46.0333,5.0,48,3,25.39,clear sky
667,Mahajanga,MG,-15.7167,46.3167,84.22,79,40,10.36,thunderstorm
668,Lexington,US,37.9887,-84.4777,24.94,86,100,5.75,overcast clouds
669,Ulaangom,MN,49.9811,92.0667,-16.29,97,93,2.93,overcast clouds
670,Nelson Bay,AU,-32.7167,152.15,77.05,65,25,3.0,light rain
671,Pavino,RU,59.1139,46.1414,3.24,96,75,7.54,broken clouds
